pony,brussels
pony,liege
pony,Angers
pony,bordeaux
pony,Grenoble
pony,paris
bird,antwerp
bird,calgary
bird,edmonton
bird,ottawa
bird,madrid
bird,bordeaux
bird,castres
bird,chalonsenchampagne
bird,dieppe
bird,draguignan
bird,epron
bird,herouvillesaintclair
bird,larochesuryon
bird,laval
bird,marseille
bird,millau
bird,montlucon
bird,ouistreham
bird,sarreguemines
bird,vichy
bird,tel-aviv
bird,rome
bird,lisbon
bird,new-york
bird,alexandria
bird,chicago
bird,cleveland
bird,columbus
bird,culver-city
bird,detroit
bird,fairfax
bird,indianapolis
bird,kansas-city
bird,los-angeles
bird,louisville
bird,miami
bird,portland
bird,san-francisco
bird,tempe
bird,washington-dc
lime,brussels
lime,calgary
lime,edmonton
lime,kelowna
lime,ottawa
lime,hamburg
lime,marseille
lime,paris
lime,tel_aviv
lime,rome
lime,arlington
lime,baltimore
lime,chicago
lime,cleveland
lime,detroit
lime,louisville
lime,new_york
lime,oakland
lime,portland
lime,providence
lime,san_francisco
lime,san_jose
lime,seattle
lime,washington_dc
spin,basildon
spin,chelmsford
spin,clacton
spin,colchester
spin,milton_keynes
spin,edmonton
spin,kelowna
spin,aiken
spin,akron
spin,albuquerque
spin,alexandria
spin,ann_arbor
spin,arkadelphia
spin,asbury_park
spin,atlanta
spin,austin
spin,baltimore
spin,boise
spin,brookline
spin,charlotte
spin,chicago
spin,cleveland
spin,columbus
spin,coral_gables
spin,dayton
spin,denver
spin,detroit
spin,duke
spin,durham
spin,fayetteville
spin,fort_collins
spin,fort_pierce
spin,gainesville
spin,garden_city
spin,grand_rapids
spin,greenville
spin,isla_vista
spin,jacksonville
spin,jefferson_city
spin,kansas_city
spin,knoxville
spin,lexington
spin,lincoln
spin,long_beach
spin,los_angeles
spin,louisville
spin,memphis
spin,mesa
spin,miami
spin,michigan_state_university
spin,minneapolis
spin,montgomery_county
spin,nashville
spin,nicholls_state
spin,nmsu
spin,oakland_university
spin,ohio_state
spin,omaha
spin,orem
spin,orlando
spin,phoenix
spin,pittsburgh
spin,portland
spin,providence
spin,provo
spin,purdue_university
spin,raleigh
spin,salem
spin,salt_lake_city
spin,san_antonio
spin,san_diego
spin,san_francisco
spin,san_marcos
spin,santa monica
spin,seattle
spin,south_miami
spin,st_george
spin,st_louis
spin,stillwater
spin,tallahassee
spin,tampa
spin,tempe
spin,towson
spin,troy
spin,uc_san_diego
spin,university_of_central_florida
spin,university_of_kentucky
spin,virginia_tech
spin,washington_dc
spin,white_center
spin,wichita
spin,winston_salem